<?xml version="1.0" ?>
<data>
  <!--NOTE: This is an ** Autogenerated file **-->
  <!--BlockSize = 128 KB-->
  <!--PageSize  = 2 KB-->
  <!--NUM_PARTITION_SECTORS  = 32768-->
  <!--PARTITION INFO ENTITY-->

  <!-- Partition raw data { -->
  <erase QUECTEL_PART_CHECK="QUECTEL"/>  <!-- Quectel partition check flag -->
  <erase Q_START_SECTOR="896" Q_LAST_SECTOR="1151" Q_NUM_SECTOR="256"/>

  <erase Q_PART_MAGIC_1="AA73EE55" Q_PART_MAGIC_2="DBBD5EE3" Q_PART_VERSION="04000000" Q_PART_NUMS="19000000"/>

  <erase Q_PART_NAME="72657365727665640000000000000000" Q_PART_OFFSET="00000000" Q_PART_LEN="01000000" Q_PART_ATTR="FF010000"/>
  <erase Q_PART_NAME="73626C00000000000000000000000000" Q_PART_OFFSET="01000000" Q_PART_LEN="0D000000" Q_PART_ATTR="FF010000"/>
  <erase Q_PART_NAME="6D696269620000000000000000000000" Q_PART_OFFSET="0E000000" Q_PART_LEN="04000000" Q_PART_ATTR="FF01FF00"/>
  <erase Q_PART_NAME="716473705F7377617000000000000000" Q_PART_OFFSET="12000000" Q_PART_LEN="1A000000" Q_PART_ATTR="FF010000"/>
  <erase Q_PART_NAME="656673325F666163746F727900000000" Q_PART_OFFSET="2C000000" Q_PART_LEN="08000000" Q_PART_ATTR="FF01FF00"/>

  <erase Q_PART_NAME="65667332617070735F666163746F7279" Q_PART_OFFSET="34000000" Q_PART_LEN="08000000" Q_PART_ATTR="FF01FF00"/>
  <erase Q_PART_NAME="65667332000000000000000000000000" Q_PART_OFFSET="3C000000" Q_PART_LEN="2E000000" Q_PART_ATTR="FF01FF00"/>
  <erase Q_PART_NAME="716473705F706167696E670000000000" Q_PART_OFFSET="6A000000" Q_PART_LEN="34000000" Q_PART_ATTR="FF010000"/>
  <erase Q_PART_NAME="71647370000000000000000000000000" Q_PART_OFFSET="9E000000" Q_PART_LEN="5C000000" Q_PART_ATTR="FF010000"/>
  <erase Q_PART_NAME="716473705F74696E7900000000000000" Q_PART_OFFSET="FA000000" Q_PART_LEN="20000000" Q_PART_ATTR="FF010000"/>

  <erase Q_PART_NAME="747A0000000000000000000000000000" Q_PART_OFFSET="1A010000" Q_PART_LEN="09000000" Q_PART_ATTR="FF010000"/>
  <erase Q_PART_NAME="72706D00000000000000000000000000" Q_PART_OFFSET="23010000" Q_PART_LEN="04000000" Q_PART_ATTR="FF010000"/>
  <erase Q_PART_NAME="747A5F64657663666700000000000000" Q_PART_OFFSET="27010000" Q_PART_LEN="03000000" Q_PART_ATTR="FF010000"/>
  <erase Q_PART_NAME="61707073000000000000000000000000" Q_PART_OFFSET="2A010000" Q_PART_LEN="23000000" Q_PART_ATTR="FF010000"/>
  <erase Q_PART_NAME="61636462000000000000000000000000" Q_PART_OFFSET="4D010000" Q_PART_LEN="05000000" Q_PART_ATTR="FF010000"/>

  <erase Q_PART_NAME="61706470000000000000000000000000" Q_PART_OFFSET="52010000" Q_PART_LEN="04000000" Q_PART_ATTR="FF010000"/>
  <erase Q_PART_NAME="6C6F616465725F737469000000000000" Q_PART_OFFSET="56010000" Q_PART_LEN="03000000" Q_PART_ATTR="FF010000"/>
  <erase Q_PART_NAME="6D756C74695F696D6167650000000000" Q_PART_OFFSET="59010000" Q_PART_LEN="04000000" Q_PART_ATTR="FF010000"/>
  <erase Q_PART_NAME="6D756C74695F696D6167655F71746900" Q_PART_OFFSET="5D010000" Q_PART_LEN="04000000" Q_PART_ATTR="FF010000"/>
  <erase Q_PART_NAME="73637275620000000000000000000000" Q_PART_OFFSET="61010000" Q_PART_LEN="5E000000" Q_PART_ATTR="FF010000"/>

  <erase Q_PART_NAME="73656364617461000000000000000000" Q_PART_OFFSET="BF010000" Q_PART_LEN="03000000" Q_PART_ATTR="FF010000"/>
  <erase Q_PART_NAME="6D697363000000000000000000000000" Q_PART_OFFSET="C2010000" Q_PART_LEN="04000000" Q_PART_ATTR="FF010000"/>
  <erase Q_PART_NAME="64616D5F617070000000000000000000" Q_PART_OFFSET="C6010000" Q_PART_LEN="0B000000" Q_PART_ATTR="FF010000"/>
  <erase Q_PART_NAME="64616D5F636667000000000000000000" Q_PART_OFFSET="D1010000" Q_PART_LEN="03000000" Q_PART_ATTR="FF010000"/>
  <erase Q_PART_NAME="65667332617070730000000000000000" Q_PART_OFFSET="D4010000" Q_PART_LEN="2C000000" Q_PART_ATTR="FF010000"/>

  <erase Q_PART_PRODUCT="4D444D39323035000000000000000000" Q_PART_PROJECT="424739352D4D332D4C41000000000000"/>
  <!-- } Partition raw data  -->

  <!--*****   Erase operation    *****-->
  <erase PAGES_PER_BLOCK="64" SECTOR_SIZE_IN_BYTES="2048" num_partition_sectors="64" physical_partition_number="0" start_sector="0"/> <!-- reserved -->
  <erase PAGES_PER_BLOCK="64" SECTOR_SIZE_IN_BYTES="2048" num_partition_sectors="832" physical_partition_number="0" start_sector="64"/> <!-- sbl -->
  <erase PAGES_PER_BLOCK="64" SECTOR_SIZE_IN_BYTES="2048" num_partition_sectors="256" physical_partition_number="0" start_sector="896"/> <!-- mibib -->
  <erase PAGES_PER_BLOCK="64" SECTOR_SIZE_IN_BYTES="2048" num_partition_sectors="1664" physical_partition_number="0" start_sector="1152"/> <!-- qdsp_swap -->
  <!--erase PAGES_PER_BLOCK="64" SECTOR_SIZE_IN_BYTES="2048" num_partition_sectors="512" physical_partition_number="0" start_sector="2816"/--> <!-- efs2_factory -->
  <!--erase PAGES_PER_BLOCK="64" SECTOR_SIZE_IN_BYTES="2048" num_partition_sectors="512" physical_partition_number="0" start_sector="3328"/--> <!-- efs2apps_factory -->
  <!--erase PAGES_PER_BLOCK="64" SECTOR_SIZE_IN_BYTES="2048" num_partition_sectors="2944" physical_partition_number="0" start_sector="3840"/--> <!-- efs2 -->
  <erase PAGES_PER_BLOCK="64" SECTOR_SIZE_IN_BYTES="2048" num_partition_sectors="3328" physical_partition_number="0" start_sector="6784"/> <!-- qdsp_paging -->
  <erase PAGES_PER_BLOCK="64" SECTOR_SIZE_IN_BYTES="2048" num_partition_sectors="5888" physical_partition_number="0" start_sector="10112"/> <!-- qdsp -->
  <erase PAGES_PER_BLOCK="64" SECTOR_SIZE_IN_BYTES="2048" num_partition_sectors="2048" physical_partition_number="0" start_sector="16000"/> <!-- qdsp_tiny -->
  <erase PAGES_PER_BLOCK="64" SECTOR_SIZE_IN_BYTES="2048" num_partition_sectors="576" physical_partition_number="0" start_sector="18048"/> <!-- tz -->
  <erase PAGES_PER_BLOCK="64" SECTOR_SIZE_IN_BYTES="2048" num_partition_sectors="256" physical_partition_number="0" start_sector="18624"/> <!-- rpm -->
  <erase PAGES_PER_BLOCK="64" SECTOR_SIZE_IN_BYTES="2048" num_partition_sectors="192" physical_partition_number="0" start_sector="18880"/> <!-- tz_devcfg -->
  <erase PAGES_PER_BLOCK="64" SECTOR_SIZE_IN_BYTES="2048" num_partition_sectors="2240" physical_partition_number="0" start_sector="19072"/> <!-- apps -->
  <erase PAGES_PER_BLOCK="64" SECTOR_SIZE_IN_BYTES="2048" num_partition_sectors="320" physical_partition_number="0" start_sector="21312"/> <!-- acdb -->
  <erase PAGES_PER_BLOCK="64" SECTOR_SIZE_IN_BYTES="2048" num_partition_sectors="256" physical_partition_number="0" start_sector="21632"/> <!-- apdp -->
  <erase PAGES_PER_BLOCK="64" SECTOR_SIZE_IN_BYTES="2048" num_partition_sectors="192" physical_partition_number="0" start_sector="21888"/> <!-- loader_sti -->
  <erase PAGES_PER_BLOCK="64" SECTOR_SIZE_IN_BYTES="2048" num_partition_sectors="256" physical_partition_number="0" start_sector="22080"/> <!-- multi_image -->
  <erase PAGES_PER_BLOCK="64" SECTOR_SIZE_IN_BYTES="2048" num_partition_sectors="256" physical_partition_number="0" start_sector="22336"/> <!-- multi_image_qti -->
  <erase PAGES_PER_BLOCK="64" SECTOR_SIZE_IN_BYTES="2048" num_partition_sectors="6016" physical_partition_number="0" start_sector="22592"/> <!-- scrub -->
  <erase PAGES_PER_BLOCK="64" SECTOR_SIZE_IN_BYTES="2048" num_partition_sectors="192" physical_partition_number="0" start_sector="28608"/> <!-- secdata -->
  <erase PAGES_PER_BLOCK="64" SECTOR_SIZE_IN_BYTES="2048" num_partition_sectors="256" physical_partition_number="0" start_sector="28800"/> <!-- misc -->
  <erase PAGES_PER_BLOCK="64" SECTOR_SIZE_IN_BYTES="2048" num_partition_sectors="704" physical_partition_number="0" start_sector="29056"/> <!-- dam_app -->
  <!--erase PAGES_PER_BLOCK="64" SECTOR_SIZE_IN_BYTES="2048" num_partition_sectors="192" physical_partition_number="0" start_sector="29760"/--> <!-- dam_cfg -->
  <erase PAGES_PER_BLOCK="64" SECTOR_SIZE_IN_BYTES="2048" num_partition_sectors="2816" physical_partition_number="0" start_sector="29952"/> <!-- efs2apps -->
  <!--*****   Program operation    *****-->
  <program PAGES_PER_BLOCK="64" SECTOR_SIZE_IN_BYTES="2048" filename="" label="reserved" last_sector="63" num_partition_sectors="64" physical_partition_number="0" start_sector="0"/>
  <program PAGES_PER_BLOCK="64" SECTOR_SIZE_IN_BYTES="2048" filename="..\sbl1.mbn" label="sbl" last_sector="895" num_partition_sectors="832" physical_partition_number="0" start_sector="64"/>
  <program PAGES_PER_BLOCK="64" SECTOR_SIZE_IN_BYTES="2048" filename="..\partition_complete_p2K_b128K.mbn" label="mibib" last_sector="1151" num_partition_sectors="256" physical_partition_number="0" start_sector="896"/>
  <program PAGES_PER_BLOCK="64" SECTOR_SIZE_IN_BYTES="2048" filename="" label="qdsp_swap" last_sector="2815" num_partition_sectors="1664" physical_partition_number="0" start_sector="1152"/>
  <!--program PAGES_PER_BLOCK="64" SECTOR_SIZE_IN_BYTES="2048" filename="" label="efs2_factory" last_sector="3327" num_partition_sectors="512" physical_partition_number="0" start_sector="2816"/-->
  <!--program PAGES_PER_BLOCK="64" SECTOR_SIZE_IN_BYTES="2048" filename="" label="efs2apps_factory" last_sector="3839" num_partition_sectors="512" physical_partition_number="0" start_sector="3328"/-->
  <!--program PAGES_PER_BLOCK="64" SECTOR_SIZE_IN_BYTES="2048" filename="" label="efs2" last_sector="6783" num_partition_sectors="2944" physical_partition_number="0" start_sector="3840"/-->
  <program PAGES_PER_BLOCK="64" SECTOR_SIZE_IN_BYTES="2048" filename="..\qdsp6sw_paging.bin" label="qdsp_paging" last_sector="10111" num_partition_sectors="3328" physical_partition_number="0" start_sector="6784"/>
  <program PAGES_PER_BLOCK="64" SECTOR_SIZE_IN_BYTES="2048" filename="..\qdsp6sw.mbn" label="qdsp" last_sector="15999" num_partition_sectors="5888" physical_partition_number="0" start_sector="10112"/>
  <program PAGES_PER_BLOCK="64" SECTOR_SIZE_IN_BYTES="2048" filename="..\qdsp6sw_2.mbn" label="qdsp_tiny" last_sector="18047" num_partition_sectors="2048" physical_partition_number="0" start_sector="16000"/>
  <program PAGES_PER_BLOCK="64" SECTOR_SIZE_IN_BYTES="2048" filename="..\tz.mbn" label="tz" last_sector="18623" num_partition_sectors="576" physical_partition_number="0" start_sector="18048"/>
  <program PAGES_PER_BLOCK="64" SECTOR_SIZE_IN_BYTES="2048" filename="..\rpm.mbn" label="rpm" last_sector="18879" num_partition_sectors="256" physical_partition_number="0" start_sector="18624"/>
  <program PAGES_PER_BLOCK="64" SECTOR_SIZE_IN_BYTES="2048" filename="..\devcfg.mbn" label="tz_devcfg" last_sector="19071" num_partition_sectors="192" physical_partition_number="0" start_sector="18880"/>
  <program PAGES_PER_BLOCK="64" SECTOR_SIZE_IN_BYTES="2048" filename="..\apps.mbn" label="apps" last_sector="21311" num_partition_sectors="2240" physical_partition_number="0" start_sector="19072"/>
  <program PAGES_PER_BLOCK="64" SECTOR_SIZE_IN_BYTES="2048" filename="" label="acdb" last_sector="21631" num_partition_sectors="320" physical_partition_number="0" start_sector="21312"/>
  <program PAGES_PER_BLOCK="64" SECTOR_SIZE_IN_BYTES="2048" filename="" label="apdp" last_sector="21887" num_partition_sectors="256" physical_partition_number="0" start_sector="21632"/>
  <program PAGES_PER_BLOCK="64" SECTOR_SIZE_IN_BYTES="2048" filename="" label="loader_sti" last_sector="22079" num_partition_sectors="192" physical_partition_number="0" start_sector="21888"/>
  <program PAGES_PER_BLOCK="64" SECTOR_SIZE_IN_BYTES="2048" filename="..\multi_image.mbn" label="multi_image" last_sector="22335" num_partition_sectors="256" physical_partition_number="0" start_sector="22080"/>
  <program PAGES_PER_BLOCK="64" SECTOR_SIZE_IN_BYTES="2048" filename="" label="multi_image_qti" last_sector="22591" num_partition_sectors="256" physical_partition_number="0" start_sector="22336"/>
  <program PAGES_PER_BLOCK="64" SECTOR_SIZE_IN_BYTES="2048" filename="" label="scrub" last_sector="28607" num_partition_sectors="6016" physical_partition_number="0" start_sector="22592"/>
  <program PAGES_PER_BLOCK="64" SECTOR_SIZE_IN_BYTES="2048" filename="" label="secdata" last_sector="28799" num_partition_sectors="192" physical_partition_number="0" start_sector="28608"/>
  <program PAGES_PER_BLOCK="64" SECTOR_SIZE_IN_BYTES="2048" filename="" label="misc" last_sector="29055" num_partition_sectors="256" physical_partition_number="0" start_sector="28800"/>
  <program PAGES_PER_BLOCK="64" SECTOR_SIZE_IN_BYTES="2048" filename="..\cust_app.bin" label="dam_app" last_sector="29759" num_partition_sectors="704" physical_partition_number="0" start_sector="29056"/>
  <!--program PAGES_PER_BLOCK="64" SECTOR_SIZE_IN_BYTES="2048" filename="" label="dam_cfg" last_sector="29951" num_partition_sectors="192" physical_partition_number="0" start_sector="29760"/-->
  <program PAGES_PER_BLOCK="64" SECTOR_SIZE_IN_BYTES="2048" filename="..\efs2apps.mbn" label="efs2apps" last_sector="32767" num_partition_sectors="2816" physical_partition_number="0" start_sector="29952"/>
</data>
